,Final Accuracy,Best Accuracy,Avg Accuracy,Convergence Speed,Stability (Std),Avg Reward,Training Time (s)
PPO,0.31666666666666665,0.31666666666666665,0.3166666666666666,10.0,0.0,0.08414218343327604,3.6631338596343994
Random,0.26666666666666666,0.2833333333333333,0.13666666666666666,10.0,0.08339997335464536,0.11457948684992092,0.0
SAC,0.1,0.1,0.1,10.0,0.0,0.10991908159938957,6.416294813156128
TD3,0.1,0.1,0.1,10.0,0.0,0.10827110050890384,5.563406705856323
